{
  "project_info": {
    "project_number": "954983135760",
    "firebase_url": "https://test-b6ec5.firebaseio.com",
    "project_id": "test-b6ec5",
    "storage_bucket": "test-b6ec5.appspot.com"
  },
  "client": [
    {
      "client_info": {
        "mobilesdk_app_id": "1:954983135760:android:e98ec17aa24a0836",
        "android_client_info": {
          "package_name": "com.example.bamsu.myapplication"
        }
      },
      "oauth_client": [
        {
          "client_id": "954983135760-aqd0bd5ctk7hlnvgg6nm3fjmt1chuiin.apps.googleusercontent.com",
          "client_type": 3
        }
      ],
      "api_key": [
        {
          "current_key": "AIzaSyDDNIaYkKz_UvWoHPTNqa7dT1EtC2rRgBY"
        }
      ],
      "services": {
        "analytics_service": {
          "status": 1
        },
        "appinvite_service": {
          "status": 1,
          "other_platform_oauth_client": []
        },
        "ads_service": {
          "status": 2
        }
      }
    }
  ],
  "configuration_version": "1"
}